lat,lon,queried_at_utc,wind_speed_100m_ms,wind_direction_100m
50.75,3.35,2026-06-18T21:00,7.9,135
50.75,3.55,2026-06-18T21:00,7.0,115
50.75,3.75,2026-06-18T21:00,7.0,144
50.75,3.95,2026-06-18T21:00,8.0,107
50.75,4.15,2026-06-18T21:00,0.9,163
50.75,4.35,2026-06-18T21:00,4.7,237
50.75,4.55,2026-06-18T21:00,4.1,239
50.75,4.75,2026-06-18T21:00,6.8,221
50.75,4.95,2026-06-18T21:00,8.4,254
50.75,5.15,2026-06-18T21:00,8.1,258
50.75,5.35,2026-06-18T21:00,13.9,243
50.75,5.55,2026-06-18T21:00,16.2,241
50.75,5.75,2026-06-18T21:00,15.5,246
50.75,5.95,2026-06-18T21:00,1.8,109
50.75,6.15,2026-06-18T21:00,1.5,86
50.75,6.35,2026-06-18T21:00,1.2,195
50.75,6.55,2026-06-18T21:00,1.7,207
50.75,6.75,2026-06-18T21:00,1.0,163
50.75,6.95,2026-06-18T21:00,2.2,201
50.75,7.15,2026-06-18T21:00,7.0,173
50.95,3.35,2026-06-18T21:00,7.2,154
50.95,3.55,2026-06-18T21:00,8.5,169
50.95,3.75,2026-06-18T21:00,7.4,180
50.95,3.95,2026-06-18T21:00,11.9,142
50.95,4.15,2026-06-18T21:00,12.3,170
50.95,4.35,2026-06-18T21:00,10.1,198
50.95,4.55,2026-06-18T21:00,8.3,224
50.95,4.75,2026-06-18T21:00,8.1,218
50.95,4.95,2026-06-18T21:00,9.7,247
50.95,5.15,2026-06-18T21:00,11.9,256
50.95,5.35,2026-06-18T21:00,14.1,254
50.95,5.55,2026-06-18T21:00,0.9,202
50.95,5.75,2026-06-18T21:00,5.6,42
50.95,5.95,2026-06-18T21:00,2.5,64
50.95,6.15,2026-06-18T21:00,3.8,55
50.95,6.35,2026-06-18T21:00,2.3,42
50.95,6.55,2026-06-18T21:00,3.3,128
50.95,6.75,2026-06-18T21:00,3.6,116
50.95,6.95,2026-06-18T21:00,4.5,129
50.95,7.15,2026-06-18T21:00,8.3,138
51.15,3.35,2026-06-18T21:00,8.1,169
51.15,3.55,2026-06-18T21:00,8.9,177
51.15,3.75,2026-06-18T21:00,8.9,175
51.15,3.95,2026-06-18T21:00,10.4,180
51.15,4.15,2026-06-18T21:00,8.1,170
51.15,4.35,2026-06-18T21:00,11.8,176
51.15,4.55,2026-06-18T21:00,10.7,236
51.15,4.75,2026-06-18T21:00,9.8,210
51.15,4.95,2026-06-18T21:00,6.1,222
51.15,5.15,2026-06-18T21:00,4.9,323
51.15,5.35,2026-06-18T21:00,5.5,342
51.15,5.55,2026-06-18T21:00,5.6,9
51.15,5.75,2026-06-18T21:00,6.9,44
51.15,5.95,2026-06-18T21:00,6.4,42
51.15,6.15,2026-06-18T21:00,3.2,66
51.15,6.35,2026-06-18T21:00,4.5,82
51.15,6.55,2026-06-18T21:00,4.4,121
51.15,6.75,2026-06-18T21:00,4.8,136
51.15,6.95,2026-06-18T21:00,8.6,126
51.15,7.15,2026-06-18T21:00,7.4,126
51.35,3.35,2026-06-18T21:00,7.3,155
51.35,3.55,2026-06-18T21:00,4.9,172
51.35,3.75,2026-06-18T21:00,4.5,165
51.35,3.95,2026-06-18T21:00,7.2,147
51.35,4.15,2026-06-18T21:00,9.3,154
51.35,4.35,2026-06-18T21:00,8.6,164
51.35,4.55,2026-06-18T21:00,5.7,87
51.35,4.75,2026-06-18T21:00,4.9,30
51.35,4.95,2026-06-18T21:00,3.5,37
51.35,5.15,2026-06-18T21:00,5.0,20
51.35,5.35,2026-06-18T21:00,5.5,19
51.35,5.55,2026-06-18T21:00,5.9,6
51.35,5.75,2026-06-18T21:00,5.0,23
51.35,5.95,2026-06-18T21:00,7.4,47
51.35,6.15,2026-06-18T21:00,6.2,41
51.35,6.35,2026-06-18T21:00,6.8,52
51.35,6.55,2026-06-18T21:00,1.8,63
51.35,6.75,2026-06-18T21:00,4.6,133
51.35,6.95,2026-06-18T21:00,6.2,132
51.35,7.15,2026-06-18T21:00,8.1,142
51.55,3.35,2026-06-18T21:00,2.7,94
51.55,3.55,2026-06-18T21:00,2.4,82
51.55,3.75,2026-06-18T21:00,3.3,58
51.55,3.95,2026-06-18T21:00,2.6,63
51.55,4.15,2026-06-18T21:00,3.7,74
51.55,4.35,2026-06-18T21:00,5.3,97
51.55,4.55,2026-06-18T21:00,6.6,79
51.55,4.75,2026-06-18T21:00,5.0,77
51.55,4.95,2026-06-18T21:00,3.7,39
51.55,5.15,2026-06-18T21:00,5.5,25
51.55,5.35,2026-06-18T21:00,5.8,12
51.55,5.55,2026-06-18T21:00,6.4,18
51.55,5.75,2026-06-18T21:00,7.7,23
51.55,5.95,2026-06-18T21:00,7.1,54
51.55,6.15,2026-06-18T21:00,7.4,51
51.55,6.35,2026-06-18T21:00,7.1,53
51.55,6.55,2026-06-18T21:00,6.7,60
51.55,6.75,2026-06-18T21:00,7.3,65
51.55,6.95,2026-06-18T21:00,6.1,58
51.55,7.15,2026-06-18T21:00,3.8,58
51.75,3.35,2026-06-18T21:00,0.8,70
51.75,3.55,2026-06-18T21:00,1.4,19
51.75,3.75,2026-06-18T21:00,1.7,37
51.75,3.95,2026-06-18T21:00,2.8,44
51.75,4.15,2026-06-18T21:00,4.2,52
51.75,4.35,2026-06-18T21:00,5.3,55
51.75,4.55,2026-06-18T21:00,5.9,65
51.75,4.75,2026-06-18T21:00,5.6,37
51.75,4.95,2026-06-18T21:00,6.1,32
51.75,5.15,2026-06-18T21:00,6.0,30
51.75,5.35,2026-06-18T21:00,6.3,31
51.75,5.55,2026-06-18T21:00,5.1,24
51.75,5.75,2026-06-18T21:00,5.1,24
51.75,5.95,2026-06-18T21:00,6.3,45
51.75,6.15,2026-06-18T21:00,6.5,54
51.75,6.35,2026-06-18T21:00,6.7,58
51.75,6.55,2026-06-18T21:00,7.2,62
51.75,6.75,2026-06-18T21:00,6.9,62
51.75,6.95,2026-06-18T21:00,7.9,60
51.75,7.15,2026-06-18T21:00,6.2,60
51.95,3.35,2026-06-18T21:00,1.3,122
51.95,3.55,2026-06-18T21:00,0.6,61
51.95,3.75,2026-06-18T21:00,2.2,333
51.95,3.95,2026-06-18T21:00,3.4,344
51.95,4.15,2026-06-18T21:00,3.9,358
51.95,4.35,2026-06-18T21:00,4.1,27
51.95,4.55,2026-06-18T21:00,4.6,40
51.95,4.75,2026-06-18T21:00,4.6,28
51.95,4.95,2026-06-18T21:00,6.2,18
51.95,5.15,2026-06-18T21:00,5.9,21
51.95,5.35,2026-06-18T21:00,5.1,34
51.95,5.55,2026-06-18T21:00,6.7,25
51.95,5.75,2026-06-18T21:00,7.2,15
51.95,5.95,2026-06-18T21:00,5.0,29
51.95,6.15,2026-06-18T21:00,5.4,46
51.95,6.35,2026-06-18T21:00,5.4,67
51.95,6.55,2026-06-18T21:00,5.3,56
51.95,6.75,2026-06-18T21:00,5.7,51
51.95,6.95,2026-06-18T21:00,6.1,60
51.95,7.15,2026-06-18T21:00,6.7,65
52.15,3.35,2026-06-18T21:00,3.3,170
52.15,3.55,2026-06-18T21:00,1.5,178
52.15,3.75,2026-06-18T21:00,1.0,324
52.15,3.95,2026-06-18T21:00,1.2,322
52.15,4.15,2026-06-18T21:00,2.4,356
52.15,4.35,2026-06-18T21:00,1.8,15
52.15,4.55,2026-06-18T21:00,4.3,347
52.15,4.75,2026-06-18T21:00,4.4,18
52.15,4.95,2026-06-18T21:00,4.8,14
52.15,5.15,2026-06-18T21:00,5.2,30
52.15,5.35,2026-06-18T21:00,6.7,10
52.15,5.55,2026-06-18T21:00,6.4,21
52.15,5.75,2026-06-18T21:00,6.7,12
52.15,5.95,2026-06-18T21:00,5.4,359
52.15,6.15,2026-06-18T21:00,4.4,359
52.15,6.35,2026-06-18T21:00,4.2,28
52.15,6.55,2026-06-18T21:00,3.5,62
52.15,6.75,2026-06-18T21:00,3.5,66
52.15,6.95,2026-06-18T21:00,3.4,61
52.15,7.15,2026-06-18T21:00,4.6,60
52.35,3.35,2026-06-18T21:00,6.5,172
52.35,3.55,2026-06-18T21:00,5.6,169
52.35,3.75,2026-06-18T21:00,4.5,179
52.35,3.95,2026-06-18T21:00,3.2,225
52.35,4.15,2026-06-18T21:00,2.3,244
52.35,4.35,2026-06-18T21:00,1.4,330
52.35,4.55,2026-06-18T21:00,1.2,9
52.35,4.75,2026-06-18T21:00,1.5,335
52.35,4.95,2026-06-18T21:00,1.9,11
52.35,5.15,2026-06-18T21:00,4.6,27
52.35,5.35,2026-06-18T21:00,6.2,11
52.35,5.55,2026-06-18T21:00,6.8,358
52.35,5.75,2026-06-18T21:00,5.3,5
52.35,5.95,2026-06-18T21:00,6.6,0
52.35,6.15,2026-06-18T21:00,7.1,346
52.35,6.35,2026-06-18T21:00,4.0,2
52.35,6.55,2026-06-18T21:00,4.9,26
52.35,6.75,2026-06-18T21:00,3.1,102
52.35,6.95,2026-06-18T21:00,2.5,79
52.35,7.15,2026-06-18T21:00,2.7,63
52.55,3.35,2026-06-18T21:00,6.3,184
52.55,3.55,2026-06-18T21:00,5.4,185
52.55,3.75,2026-06-18T21:00,6.7,178
52.55,3.95,2026-06-18T21:00,6.5,187
52.55,4.15,2026-06-18T21:00,5.3,197
52.55,4.35,2026-06-18T21:00,3.0,198
52.55,4.55,2026-06-18T21:00,2.4,235
52.55,4.75,2026-06-18T21:00,1.6,320
52.55,4.95,2026-06-18T21:00,2.7,32
52.55,5.15,2026-06-18T21:00,4.2,45
52.55,5.35,2026-06-18T21:00,5.5,32
52.55,5.55,2026-06-18T21:00,4.7,9
52.55,5.75,2026-06-18T21:00,5.7,353
52.55,5.95,2026-06-18T21:00,6.8,0
52.55,6.15,2026-06-18T21:00,7.6,328
52.55,6.35,2026-06-18T21:00,5.1,357
52.55,6.55,2026-06-18T21:00,4.4,18
52.55,6.75,2026-06-18T21:00,2.3,93
52.55,6.95,2026-06-18T21:00,3.2,105
52.55,7.15,2026-06-18T21:00,3.4,85
52.75,3.35,2026-06-18T21:00,7.2,187
52.75,3.55,2026-06-18T21:00,7.0,185
52.75,3.75,2026-06-18T21:00,5.9,177
52.75,3.95,2026-06-18T21:00,5.3,182
52.75,4.15,2026-06-18T21:00,4.8,177
52.75,4.35,2026-06-18T21:00,4.9,169
52.75,4.55,2026-06-18T21:00,2.5,183
52.75,4.75,2026-06-18T21:00,0.5,215
52.75,4.95,2026-06-18T21:00,2.0,289
52.75,5.15,2026-06-18T21:00,2.3,34
52.75,5.35,2026-06-18T21:00,3.1,29
52.75,5.55,2026-06-18T21:00,5.1,14
52.75,5.75,2026-06-18T21:00,4.7,354
52.75,5.95,2026-06-18T21:00,4.6,339
52.75,6.15,2026-06-18T21:00,5.9,317
52.75,6.35,2026-06-18T21:00,5.5,341
52.75,6.55,2026-06-18T21:00,2.4,20
52.75,6.75,2026-06-18T21:00,3.3,23
52.75,6.95,2026-06-18T21:00,0.6,73
52.75,7.15,2026-06-18T21:00,1.3,92
52.95,3.35,2026-06-18T21:00,8.5,186
52.95,3.55,2026-06-18T21:00,7.2,191
52.95,3.75,2026-06-18T21:00,6.3,181
52.95,3.95,2026-06-18T21:00,6.2,185
52.95,4.15,2026-06-18T21:00,5.3,188
52.95,4.35,2026-06-18T21:00,4.2,183
52.95,4.55,2026-06-18T21:00,3.8,195
52.95,4.75,2026-06-18T21:00,2.9,227
52.95,4.95,2026-06-18T21:00,2.4,164
52.95,5.15,2026-06-18T21:00,2.3,193
52.95,5.35,2026-06-18T21:00,1.7,291
52.95,5.55,2026-06-18T21:00,3.3,317
52.95,5.75,2026-06-18T21:00,4.0,345
52.95,5.95,2026-06-18T21:00,3.3,323
52.95,6.15,2026-06-18T21:00,2.2,308
52.95,6.35,2026-06-18T21:00,3.1,340
52.95,6.55,2026-06-18T21:00,2.4,15
52.95,6.75,2026-06-18T21:00,2.7,47
52.95,6.95,2026-06-18T21:00,2.4,25
52.95,7.15,2026-06-18T21:00,6.5,81
53.15,3.35,2026-06-18T21:00,10.7,184
53.15,3.55,2026-06-18T21:00,10.3,188
53.15,3.75,2026-06-18T21:00,9.5,189
53.15,3.95,2026-06-18T21:00,9.0,194
53.15,4.15,2026-06-18T21:00,8.7,187
53.15,4.35,2026-06-18T21:00,7.6,189
53.15,4.55,2026-06-18T21:00,6.0,197
53.15,4.75,2026-06-18T21:00,4.8,214
53.15,4.95,2026-06-18T21:00,3.8,234
53.15,5.15,2026-06-18T21:00,2.5,223
53.15,5.35,2026-06-18T21:00,3.7,201
53.15,5.55,2026-06-18T21:00,4.5,245
53.15,5.75,2026-06-18T21:00,4.1,278
53.15,5.95,2026-06-18T21:00,2.5,300
53.15,6.15,2026-06-18T21:00,1.5,89
53.15,6.35,2026-06-18T21:00,0.9,102
53.15,6.55,2026-06-18T21:00,2.3,45
53.15,6.75,2026-06-18T21:00,6.6,95
53.15,6.95,2026-06-18T21:00,6.1,88
53.15,7.15,2026-06-18T21:00,5.9,83
53.35,3.35,2026-06-18T21:00,10.7,198
53.35,3.55,2026-06-18T21:00,11.2,198
53.35,3.75,2026-06-18T21:00,12.3,192
53.35,3.95,2026-06-18T21:00,12.0,191
53.35,4.15,2026-06-18T21:00,10.1,193
53.35,4.35,2026-06-18T21:00,8.0,192
53.35,4.55,2026-06-18T21:00,8.5,199
53.35,4.75,2026-06-18T21:00,6.3,205
53.35,4.95,2026-06-18T21:00,6.6,194
53.35,5.15,2026-06-18T21:00,5.9,177
53.35,5.35,2026-06-18T21:00,5.9,183
53.35,5.55,2026-06-18T21:00,7.2,220
53.35,5.75,2026-06-18T21:00,4.5,227
53.35,5.95,2026-06-18T21:00,0.3,119
53.35,6.15,2026-06-18T21:00,3.6,113
53.35,6.35,2026-06-18T21:00,3.6,131
53.35,6.55,2026-06-18T21:00,5.4,113
53.35,6.75,2026-06-18T21:00,7.4,108
53.35,6.95,2026-06-18T21:00,7.1,102
53.35,7.15,2026-06-18T21:00,6.0,93
53.55,3.35,2026-06-18T21:00,9.8,213
53.55,3.55,2026-06-18T21:00,9.6,217
53.55,3.75,2026-06-18T21:00,8.1,209
53.55,3.95,2026-06-18T21:00,8.5,200
53.55,4.15,2026-06-18T21:00,8.9,190
53.55,4.35,2026-06-18T21:00,9.8,190
53.55,4.55,2026-06-18T21:00,8.6,201
53.55,4.75,2026-06-18T21:00,9.8,208
53.55,4.95,2026-06-18T21:00,8.1,203
53.55,5.15,2026-06-18T21:00,6.3,206
53.55,5.35,2026-06-18T21:00,5.7,197
53.55,5.55,2026-06-18T21:00,6.0,192
53.55,5.75,2026-06-18T21:00,5.8,186
53.55,5.95,2026-06-18T21:00,3.6,146
53.55,6.15,2026-06-18T21:00,2.8,102
53.55,6.35,2026-06-18T21:00,6.3,118
53.55,6.55,2026-06-18T21:00,6.6,117
53.55,6.75,2026-06-18T21:00,6.3,117
53.55,6.95,2026-06-18T21:00,7.4,117
53.55,7.15,2026-06-18T21:00,6.2,111
